,Name,Salary,average
9,Philip Rivers,6600,22.84674286
11,Russell Wilson,6300,21.52985714
12,Andy Dalton,6000,19.33094286
38,Alex Smith,5000,18.29588571
